{
  "epoch_actuelle": 10,
  "train_losses": [
    0.3539532977642853,
    0.17297806831271345,
    0.13260872120252137,
    0.11574795206726742,
    0.10305906147080492,
    0.09367625591065139,
    0.0872087657857718,
    0.08057889501268325,
    0.07846889916910672,
    0.07104997995864552
  ],
  "train_accuracies": [
    89.32333333333334,
    94.74166666666666,
    95.915,
    96.44833333333334,
    96.81166666666667,
    97.11833333333334,
    97.24,
    97.495,
    97.44166666666666,
    97.825
  ],
  "test_accuracies": [
    95.57,
    96.45,
    97.18,
    97.54,
    97.71,
    97.63,
    97.63,
    97.73,
    97.76,
    97.99
  ],
  "derniere_sauvegarde": "2025-06-26 09:07:39",
  "precision_finale": 97.99
}